"CBSA_FIPS","CBSA_NAME","CBSA_POP","CBSA_RANK","CENTER_TYPE","BG_TOTAL","POP_TOTAL","POP_WHITE","POP_BLACK","POP_LATIN","POP_ASIAN","HOUSING_OCCUPIED","HOUSING_OWNED","HOUSING_RENTED","HOUSING_UNITS","HOUSING_DET_SFH","HOUSING_MISS_MID","HOUSING_LARGE","HOUSING_MOBILE","HOUSEHOLDS_TOTAL","HOUSEHOLDS_0_CAR","HOUSEHOLDS_1_CAR","HOUSEHOLDS_2_CAR","PER_CAPITA_INCOME_CBSA","PER_CAPITA_INCOME_INSIDE","PER_CAPITA_INCOME_OUTSIDE","COMMUTERS_TOTAL","COMMUTERS_DRIVERS"
"35620","New York-Newark-Jersey City, NY-NJ-PA",20140470,1,"mono-1mi",0.498117496625701,0.493568493720093,0.35977298177516,0.634777968978267,0.616150569320466,0.559194898024697,0.511316491165286,0.32844530328087,0.703881794490057,0.511637965998734,0.18545216109437,0.571013826552002,0.81199314366207,0.223529054218332,0.511316491165286,0.829535990689555,0.517876680290675,0.242485380353335,43408.8139742874,0.940582629562955,1.05789742532583,0.489980203747891,0.285180926054507
"31080","Los Angeles-Long Beach-Anaheim, CA",13200998,2,"mono-1mi",0.439576487769259,0.429683310019447,0.404854078482544,0.457965992530192,0.463784782040368,0.371068166010954,0.447323752430651,0.338816467655387,0.549788591108994,0.451349475335051,0.344741228066326,0.51064334345261,0.619747958460105,0.236579331065259,0.447323752430651,0.618258157673598,0.517254771096676,0.388293466500779,35915.5960543454,0.945415226454671,1.04111715774363,0.43942572838484,0.420351127009965
"16980","Chicago-Naperville-Elgin, IL-IN-WI",9618502,3,"mono-1mi",0.354936862924083,0.317921398564774,0.268873129387626,0.402765495878453,0.354078463370193,0.364301750444452,0.340652662122032,0.264187606227015,0.479587387589568,0.347609912594389,0.207864017005319,0.456546714032609,0.597441539805249,0.115942408376963,0.340652662122032,0.60539711759264,0.411677156321947,0.232060258732254,38157.493375737,1.06654732440587,0.968969924534543,0.327462409840143,0.257794638848961
"19100","Dallas-Fort Worth-Arlington, TX",7637387,4,"mono-1mi",0.273587193790929,0.227145956588905,0.195735762951937,0.266804224816181,0.254236095301163,0.230563361167436,0.251658331603661,0.181207815181796,0.35519156335895,0.257840749546651,0.187263176836531,0.366916652968172,0.446781498702166,0.0422888970626872,0.251658331603661,0.383742926976261,0.326579197903311,0.204427100190807,35277.8341387932,1.02341576665019,0.993113476228581,0.237141439345188,0.229611751766169
"26420","Houston-The Woodlands-Sugar Land, TX",7122240,5,"mono-1mi",0.316644562334218,0.236184109034421,0.213680561583545,0.24891148901071,0.251362501056769,0.237270076480023,0.266285191994984,0.186026523370599,0.38891575587581,0.273490469181672,0.185151884637982,0.450570065443381,0.484458317556773,0.0828720506365304,0.266285191994984,0.416453891302185,0.351086057716136,0.209536434871588,34399.7396042903,1.08433831926685,0.97390165986068,0.247975852983788,0.239491723192124
"47900","Washington-Arlington-Alexandria, DC-VA-MD-WV",6385162,6,"mono-1mi",0.295091164095372,0.260505423551843,0.242704271186056,0.32389815030724,0.247245219962607,0.211094933398762,0.29786688931018,0.21414506944814,0.443954971820244,0.303812317709094,0.14928497261305,0.350970120057706,0.539967022007047,0.0908193484698914,0.29786688931018,0.625932292677517,0.399667525695553,0.183456360755184,49880.5762044739,1.12362373250744,0.956422299736111,0.27587154459525,0.211046804840609
"37980","Philadelphia-Camden-Wilmington, PA-NJ-DE-MD",6245051,7,"mono-1mi",0.395619757688723,0.335488630774469,0.214898454488662,0.635880510045354,0.45136817442694,0.364614917710082,0.341575326124331,0.270525411420831,0.487674890555173,0.356052540729193,0.140143022736109,0.561219085695358,0.458425478921795,0.0892204426131455,0.341575326124331,0.686679347473457,0.410277029675429,0.211690826828353,39091.3343356697,0.818055220837936,1.09184828364013,0.313654739113949,0.245082393519934
"33100","Miami-Fort Lauderdale-Pompano Beach, FL",6138333,8,"mono-1mi",0.340507075471698,0.296334879963748,0.236575591356735,0.327516621704867,0.328634820151834,0.223592959027184,0.313595614042097,0.24770623304086,0.409710248101219,0.32635098099801,0.23150669143085,0.313473510468433,0.454964704025586,0.268705074182926,0.313595614042097,0.478181807719088,0.353860140901852,0.257039650583129,32522.2732840119,0.955406856394663,1.01875872206798,0.299467733775029,0.283158672329249
"12060","Atlanta-Sandy Springs-Alpharetta, GA",6089815,9,"mono-1mi",0.215194755109911,0.172108670406644,0.162284346616865,0.165274727504197,0.187643630467533,0.253160853115792,0.193426504970632,0.143023366743011,0.280217925286085,0.200081479748761,0.118200420436984,0.309480417706985,0.468422191721527,0.0817402768622281,0.193426504970632,0.315468197807086,0.258255563269631,0.147869485076155,35295.9874277261,1.24046460102552,0.950010321964402,0.185006513289529,0.173405120467615
"14460","Boston-Cambridge-Newton, MA-NH",4941632,10,"mono-1mi",0.303555686159271,0.280259939996019,0.226921688666182,0.343584270585338,0.479380610662929,0.398067202681822,0.289509107877439,0.187860893201272,0.453382498734015,0.292398195313043,0.123324862110492,0.429954682045406,0.500165078247089,0.0619013460483565,0.289509107877439,0.585960945183716,0.350108167256765,0.175560437631824,47604.4694233401,0.979738118378186,1.00788828268339,0.28893914988851,0.202825098720129
"38060","Phoenix-Mesa-Chandler, AZ",4845832,11,"mono-1mi",0.30715079659133,0.275321567127709,0.248004969185287,0.32162075967559,0.313363282069955,0.278603285108235,0.290379214312541,0.240192270795962,0.377332976172418,0.288665984690523,0.235334992042678,0.413999059242216,0.44652566374362,0.214589346216589,0.290379214312541,0.421950995686886,0.332576284845599,0.251930896863015,32522.492362341,0.933120304037577,1.02540322572154,0.291743765237118,0.285846889688712
"41860","San Francisco-Oakland-Berkeley, CA",4749008,12,"mono-1mi",0.313494809688581,0.29956935608887,0.283475822502276,0.330844494081126,0.29319215998346,0.32211372235229,0.329851609399539,0.223953634246728,0.457524380279264,0.337093837890862,0.183479395445356,0.429156814439754,0.577893142236016,0.119675262655205,0.329851609399539,0.653948967193196,0.404220826164279,0.215649726070486,55251.8730436395,1.07236806513695,0.969048680903548,0.323202106775111,0.235848586908771
"40140","Riverside-San Bernardino-Ontario, CA",4599839,13,"mono-1mi",0.283490566037736,0.251490087644475,0.201244838773103,0.266685624012638,0.285068669173527,0.233617178822658,0.25048753282672,0.201921681326018,0.334188497705665,0.243125735784861,0.205428102517903,0.337805280891453,0.45411911833672,0.165877061983968,0.25048753282672,0.337577726830395,0.279375760917923,0.233055043808436,27002.8719846858,0.88091179604913,1.04001218116593,0.258642048168449,0.254448304348747
"19820","Detroit-Warren-Dearborn, MI",4392041,14,"mono-1mi",0.351072495248439,0.317300192132748,0.277048236291868,0.394774016483787,0.481297611027621,0.348463503611266,0.328531962608704,0.284187834230286,0.427186542432484,0.333625738050843,0.299754769450427,0.406384067135957,0.489104489896704,0.184172902315391,0.328531962608704,0.45191560616209,0.371562116358754,0.282153584311654,34078.3080831007,0.909974996418797,1.0418335253886,0.311400199856647,0.301596127212736
"42660","Seattle-Tacoma-Bellevue, WA",4018762,15,"mono-1mi",0.218005651998385,0.213976720619798,0.204848494249092,0.2504587953704,0.211497880805936,0.238297588281853,0.246593562872754,0.16888138492555,0.363413827765737,0.249894513443257,0.149225485234258,0.293767120368541,0.498151908105804,0.122921715606155,0.246593562872754,0.52286786996492,0.32949984186317,0.166393582805095,45750.4307183875,1.13730868047557,0.962620894550585,0.232436099972722,0.184199508980488
"33460","Minneapolis-St. Paul-Bloomington, MN-WI",3690261,16,"mono-1mi",0.300467488312792,0.247465797181505,0.22022916440585,0.390149280593523,0.331696270745946,0.266427687449324,0.269580539440559,0.199717232582963,0.432272600632321,0.272084548408165,0.193772906661703,0.30783231133804,0.488655621860909,0.143159857602984,0.269580539440559,0.500875273522976,0.35164661139971,0.204094310090985,41203.9145860669,0.957651760457903,1.01392593295862,0.254340183262929,0.227301763867814
"41740","San Diego-Chula Vista-Carlsbad, CA",3298634,17,"mono-1mi",0.352678571428571,0.315661325911703,0.280337129225368,0.340124548320135,0.36581367442285,0.31552649115665,0.339374167989293,0.234212736459014,0.459537836407188,0.344391712270706,0.236652152407826,0.422112632341277,0.540459642786689,0.166239414053559,0.339374167989293,0.489082758175837,0.432775791811936,0.282655666591557,38073.1926890632,0.93348964994012,1.03067893850298,0.333076620264569,0.320483344314277
"45300","Tampa-St. Petersburg-Clearwater, FL",3175275,18,"mono-1mi",0.299750623441397,0.246305270833824,0.235801866838756,0.297823490303461,0.248276555882469,0.238073841800348,0.259624633324734,0.215391727543359,0.341403624939244,0.263045143916304,0.2211367718173,0.325646494826784,0.398124488327669,0.166225470257583,0.259624633324734,0.37117507248541,0.286501531532792,0.224180814544604,32275.5595396692,1.04099087435052,0.986599575999221,0.260911474222522,0.254321366837617
"19740","Denver-Aurora-Lakewood, CO",2963821,19,"mono-1mi",0.245947456679709,0.213066714245111,0.196397361173934,0.309788450109379,0.236867407350742,0.191138429803621,0.24402450801438,0.173417408019273,0.368999820667118,0.247075358393172,0.159525244978553,0.300799109852316,0.447579081807193,0.112627127177525,0.24402450801438,0.450428495343845,0.331357658825708,0.184175835319171,41987.9331246244,0.988551659228698,1.00309736838962,0.227696523367684,0.208155780858293
"12580","Baltimore-Columbia-Towson, MD",2844510,20,"mono-1mi",0.357400722021661,0.271078790860622,0.183608481319699,0.443902366504704,0.294236385500773,0.236081245628125,0.282676879615281,0.21794264365924,0.411413232221444,0.303921467223133,0.135302334481439,0.486033897693224,0.36029702970297,0.0775354242954943,0.282676879615281,0.572244084067127,0.34762347727165,0.191291094272469,41464.6940912844,0.834990350540083,1.06134857471506,0.260238893753407,0.223592044677414
"41180","St. Louis, MO-IL",2820253,21,"mono-1mi",0.268611670020121,0.198537710458115,0.149051730306916,0.373300587150335,0.242728430696598,0.304136087087005,0.210760346213709,0.160999788747997,0.320940646302159,0.222343061947818,0.175485554511556,0.381787099978967,0.338310721007609,0.0464489274649386,0.210760346213709,0.374804065928846,0.264678962548291,0.159657388607811,35752.6370406283,0.970388578945831,1.00731540034692,0.195221772811407,0.181747657875264
"36740","Orlando-Kissimmee-Sanford, FL",2673376,22,"mono-1mi",0.194477791116447,0.124549516335389,0.131545577276302,0.110128398380037,0.120757103034411,0.123866897246347,0.139396973755515,0.0972130515345617,0.205110096528604,0.1403230476766,0.0974977138308301,0.18673943385528,0.283651363725029,0.0288123682361209,0.139396973755515,0.198741943343153,0.163214506284113,0.11919528683731,29874.7047991805,1.08074943550611,0.988511876671237,0.136966068390721,0.135195464573734
"16740","Charlotte-Concord-Gastonia, NC-SC",2660329,23,"mono-1mi",0.140173410404624,0.1049788651613,0.0959856480180289,0.130231061314938,0.0953769762884122,0.109722444195834,0.11774904859961,0.0817903281746216,0.186523524071249,0.121123999377881,0.0869309608540925,0.196752972864976,0.284821484301854,0.0263869648393694,0.11774904859961,0.196524599843944,0.16280518350559,0.0888327023421705,34558.354468172,1.17923420964942,0.978837784586727,0.114675502953712,0.108349874868348
"41700","San Antonio-New Braunfels, TX",2558143,24,"mono-1mi",0.248685199098422,0.18397588843336,0.127214468966463,0.209900609169606,0.216075428414256,0.189064200217628,0.195451940320583,0.140473807797775,0.287346519461448,0.199698690592202,0.15849930046226,0.34882874566161,0.334996572558147,0.0297185258096879,0.195451940320583,0.371915805885792,0.250985589739354,0.147151940399484,29070.8590454636,0.868917592235554,1.02955310082304,0.182332062573945,0.174650262922909
"38900","Portland-Vancouver-Hillsboro, OR-WA",2512859,25,"mono-1mi",0.240845070422535,0.20372145929222,0.203144873013535,0.342141905346529,0.18659615246646,0.174209206674654,0.232151418106507,0.175698806921256,0.325944261560665,0.235806246671117,0.172845371828749,0.289372801875733,0.448870262174945,0.0711032647630744,0.232151418106507,0.430394556359431,0.295954728594278,0.172902675996324,38543.5003256655,1.11044773133618,0.971742857705961,0.222853087295955,0.190315419160296
"40900","Sacramento-Roseville-Folsom, CA",2397382,26,"mono-1mi",0.288531775018261,0.234869040319865,0.220086552469852,0.283035731264381,0.266308802654991,0.212021186258669,0.258794441436564,0.204034017312026,0.341909236590117,0.257920656150078,0.206762196937336,0.378019721420407,0.407879758436397,0.163223217968428,0.258794441436564,0.38677896075004,0.323890341457341,0.21455163328815,35562.5569737217,0.951924404729573,1.01475759867302,0.249804501808873,0.237679510417082
"38300","Pittsburgh, PA",2370930,27,"mono-1mi",0.225130890052356,0.188883127088027,0.16220362404854,0.375509919645777,0.264199634814364,0.391090845317432,0.196017495281921,0.147728049489046,0.306400736981566,0.198179094484448,0.146646891875651,0.312952943850875,0.384802581209669,0.0276193870277976,0.196017495281921,0.34072448271334,0.232694897626291,0.143493505634331,36208.2653390791,0.97101206735484,1.00669173857672,0.193164864460142,0.160029182979807
"12420","Austin-Round Rock-Georgetown, TX",2283371,28,"mono-1mi",0.26839378238342,0.199192599840809,0.198612471596248,0.199526189305806,0.197843715309738,0.21070989088005,0.225824162177495,0.140293465639185,0.344917093551999,0.231524904971121,0.143846368413659,0.376143834697437,0.411219900859326,0.0662297343911694,0.225824162177495,0.435551089173292,0.297401777326002,0.171340997793993,39826.9193607199,0.99991014709893,1.00002236777878,0.217551937158153,0.20134238449072
"29820","Las Vegas-Henderson-Paradise, NV",2265461,29,"mono-1mi",0.355089355089355,0.301372499775436,0.259446677752254,0.341124527162403,0.370262047363703,0.241155612281619,0.308102878788652,0.239619040384378,0.387736286547125,0.319268338760043,0.236797155571626,0.391136890239224,0.498077654602761,0.4500076499388,0.308102878788652,0.521083098725208,0.335837890172228,0.257509965664713,30704.0985717716,0.860984445452709,1.05995256109119,0.297276500609127,0.280798709458651
"17140","Cincinnati, OH-KY-IN",2256884,30,"mono-1mi",0.201024327784891,0.153984051711804,0.127059316537562,0.310224861790225,0.201054089187814,0.170204146337167,0.166691824133054,0.117691787323079,0.263633314082369,0.176348510277372,0.127077225426077,0.297240261567378,0.295132615924384,0.0207844220411545,0.166691824133054,0.315801636086334,0.20870096775619,0.12650945643371,34574.6290776254,0.94664850627684,1.00971055503097,0.154760495300904,0.142145990827979
"28140","Kansas City, MO-KS",2192035,31,"mono-1mi",0.252139565503621,0.202235989527978,0.17702640958876,0.307407708728009,0.250533915344467,0.250627186901697,0.226626128838049,0.179163745924061,0.315167323955325,0.232502096133115,0.191429877231967,0.293732120612704,0.423553217320923,0.0783396494552345,0.226626128838049,0.352327398956578,0.292497442309878,0.181053062944471,35760.6350711079,1.00870939230976,0.997792148240075,0.212728363880395,0.20804100735458
"18140","Columbus, OH",2138926,32,"mono-1mi",0.246473645137342,0.200209745009171,0.182559616329278,0.265482086919402,0.229672929395011,0.215599931728964,0.209253205680918,0.155225627926777,0.295559689658893,0.214701075198968,0.163678634369878,0.302536939208483,0.334783680380663,0.0926364670204701,0.209253205680918,0.31934273977496,0.251321514481989,0.174365957162429,34441.082395906,0.909171899809857,1.02268823172379,0.209424248482554,0.195776036847987
"26900","Indianapolis-Carmel-Anderson, IN",2111040,33,"mono-1mi",0.231748726655348,0.16060137809243,0.133752237432025,0.262022570582221,0.226893460185598,0.126585769442912,0.178834339633817,0.131133873978881,0.268121676490818,0.191742384528566,0.159195947445963,0.265224789539674,0.31698637565241,0.037528122157867,0.178834339633817,0.335449311428391,0.235037639822971,0.132044602072665,33698.8000327179,0.839705220682163,1.03066908630408,0.160965606350115,0.152779281132062
"17460","Cleveland-Elyria, OH",2088251,34,"mono-1mi",0.361374407582938,0.296610235412743,0.251898588644353,0.425889838934182,0.365575616061377,0.333082464251156,0.31022888647565,0.253200800490739,0.41555383065515,0.321888131002651,0.267859338988438,0.422635923835852,0.440708339212643,0.1774605275598,0.31022888647565,0.441678779069767,0.356051080177681,0.253202310824226,33785.1854588803,0.894161742639044,1.04462865694595,0.291692938124962,0.278733588793266
"41940","San Jose-Sunnyvale-Santa Clara, CA",2000468,35,"mono-1mi",0.39048473967684,0.380025414443574,0.418072687820352,0.425480716645156,0.367271975243758,0.346838429542226,0.408065618591934,0.326276837537803,0.514751952284111,0.412609459625578,0.312965329595581,0.469794989196419,0.598734886172701,0.369155892040706,0.408065618591934,0.561588812853318,0.510171809315858,0.355936677232392,55547.283240251,1.04415919174882,0.972921836035601,0.391603976896608,0.374077637463719
"34980","Nashville-Davidson--Murfreesboro--Franklin, TN",1989519,36,"mono-1mi",0.179461615154536,0.132047974708091,0.113453530173638,0.192002144802382,0.160158079625293,0.198409011729184,0.144625755515048,0.0929662292966229,0.243099291478056,0.149541413086676,0.0975326797060468,0.247989242760029,0.314457534021222,0.0491598093259833,0.144625755515048,0.296197802893595,0.201287497304039,0.108255967097705,35478.8316488621,0.99010186731187,1.00150586934974,0.137584829517836,0.129319633177157
"47260","Virginia Beach-Norfolk-Newport News, VA-NC",1799674,37,"mono-1mi",0.231822070145423,0.194018489790427,0.154539949710063,0.267857887889672,0.21881891901062,0.159898554710178,0.202309056206417,0.148944590062218,0.288162103955921,0.205092168688632,0.165003429585894,0.251660314856803,0.343238587424634,0.108679137783686,0.202309056206417,0.328220718661425,0.252378878079473,0.163966304119111,33906.8579787243,0.898852036286349,1.02434644218094,0.194713968538901,0.186894224656462
"39300","Providence-Warwick, RI-MA",1676579,38,"mono-1mi",0.372598162071846,0.316311636885856,0.238355975348009,0.527134131562364,0.631714022069284,0.397295329241652,0.31588269273919,0.219979274611399,0.468599551982046,0.321592927900399,0.192223213493815,0.517651443430133,0.391645140049638,0.104392106938256,0.31588269273919,0.504522402041542,0.38901367165344,0.235570811085685,35991.2495952463,0.804629798338069,1.09037685845208,0.300127130737099,0.274028971001196
"27260","Jacksonville, FL",1605848,39,"mono-1mi",0.20114122681883,0.134636539338935,0.115251858474793,0.184313241731825,0.15551409711764,0.141868882272184,0.14574445070982,0.1098887501856,0.210860880854889,0.152425891266357,0.130519293413232,0.213079259640751,0.241778601204261,0.0535130554098228,0.14574445070982,0.286459259259259,0.176308993189546,0.11273822742414,33303.5279939664,0.979918058912551,1.00312443402369,0.133257599638382,0.128183468678797
"33340","Milwaukee-Waukesha, WI",1574731,40,"mono-1mi",0.370284834488068,0.318060998347536,0.257754193312068,0.425840746534669,0.532247727110879,0.291383472291178,0.323136721745799,0.241444556297534,0.446333049843816,0.334776753615672,0.241785497857553,0.43566444409986,0.479636377087688,0.214148681055156,0.323136721745799,0.536721753457487,0.378320380466303,0.25047641837173,35491.2407957476,0.83551343099094,1.07671762804495,0.310628704662385,0.282863942130628
"36420","Oklahoma City, OK",1425695,41,"mono-1mi",0.297955209347614,0.226580640869051,0.187341515823105,0.34174094307073,0.332705327911131,0.220695379507516,0.235968773776805,0.182721756717712,0.329885791227007,0.242433704423426,0.218483779988835,0.338238055637524,0.38140171838067,0.0957093622537705,0.235968773776805,0.356064126394052,0.286855313101513,0.200051454201112,31300.8558467676,0.815034490856205,1.05417413529449,0.228163478841857,0.219045490149041
"39580","Raleigh-Cary, NC",1413982,42,"mono-1mi",0.19047619047619,0.136574718665537,0.139432365007139,0.138768661034602,0.116442979246449,0.147583873994107,0.14632745626576,0.103253657169777,0.228739072036195,0.152891612838167,0.105091823717717,0.237514391849325,0.30721820855444,0.0319634703196347,0.14632745626576,0.239284458067434,0.199305170869152,0.117105211070747,38370.4600502435,1.04844206110718,0.992337531880489,0.140025198953969,0.135143755242757
"32820","Memphis, TN-MS-AR",1337779,43,"mono-1mi",0.263593380614657,0.2172073784938,0.191246510523899,0.242189565699395,0.191662757187856,0.240873325299497,0.233287479486437,0.187075915887254,0.302149950670827,0.238406695434274,0.201541516952364,0.309079915348181,0.457225164947496,0.0320842753379191,0.233287479486437,0.354417670682731,0.273814999687672,0.191338016444024,29453.0255900354,1.01770345836933,0.995083630874508,0.219033500134081,0.214848480174003
"40060","Richmond, VA",1314434,44,"mono-1mi",0.190934065934066,0.165407670555245,0.146987607231888,0.199715214529432,0.143099398309236,0.205668334229131,0.175128891955189,0.118363739462922,0.283371389221123,0.179385343878189,0.122094784797854,0.300389579047772,0.378780267256104,0.0359239463769386,0.175128891955189,0.347153878865197,0.22714656514968,0.131752353367125,36412.7040715855,0.919797336097545,1.01589537686365,0.17159631143442,0.156644919621598
"31140","Louisville-Jefferson County, KY-IN",1285439,45,"mono-1mi",0.264406779661017,0.207637015069748,0.184088694853424,0.324702669176614,0.183132765555537,0.253038966940584,0.222607708320192,0.18056857516435,0.308246607173757,0.229782895923272,0.206173499923202,0.292817163210418,0.341427405882124,0.0688660937066815,0.222607708320192,0.396220772158782,0.273188720438853,0.17226752213666,32629.5544146472,0.964130599501443,1.00939951151842,0.20552520514418,0.195951316740762
"35380","New Orleans-Metairie, LA",1271845,46,"mono-1mi",0.361313868613139,0.249849145393867,0.259069104507349,0.236481887447898,0.261482132921729,0.217416410030796,0.274323220512565,0.212938328100889,0.375923377552705,0.290885982461046,0.201231150012637,0.505202986467569,0.427397217298552,0.0372615355699652,0.274323220512565,0.432272529115028,0.317530742331482,0.209343831159506,31071.7238126264,1.19127961379283,0.936285653805602,0.267005041522113,0.2391959931346
"41620","Salt Lake City, UT",1257936,47,"mono-1mi",0.305295950155763,0.263563419461252,0.235865142976535,0.3973184141989,0.332422952683312,0.351050947149901,0.301218321367677,0.225900772383648,0.460025006487532,0.305515715720971,0.217580923259544,0.365918803418803,0.569216453174753,0.387223372942331,0.301218321367677,0.547047146401985,0.412755288196166,0.238310737011619,32828.7647486393,0.939492694153847,1.02165501183302,0.279340565800102,0.25838598798587
"25540","Hartford-East Hartford-Middletown, CT",1213531,48,"mono-1mi",0.254256526674234,0.22913659861039,0.140309478615664,0.444291802613298,0.463956636546968,0.236488743403033,0.236239647234401,0.145366195612344,0.415350411676412,0.242743131988014,0.130309990399832,0.395737046074351,0.447108457001946,0.0402130492676431,0.236239647234401,0.497995873158931,0.291732306063486,0.164234535292658,41384.3208076332,0.752514456989189,1.07356427018314,0.214819239036451,0.195473255211245
"15380","Buffalo-Cheektowaga, NY",1166902,49,"mono-1mi",0.376445846477392,0.307738182139934,0.274455433765509,0.420251617327013,0.52346259852887,0.310901287553648,0.320819319645935,0.260666102137359,0.436052397272805,0.331954570815248,0.261613592874462,0.436491183316859,0.52532069691748,0.126941328731665,0.320819319645935,0.48279365713905,0.356705043859649,0.251782168134834,33108.1062667286,0.899638397464556,1.04460521997608,0.304054015381181,0.282379918096173
"13820","Birmingham-Hoover, AL",1115289,50,"mono-1mi",0.17379679144385,0.134434688067224,0.112901164863901,0.173728125411752,0.169981329653381,0.168357381387436,0.147027267806936,0.108847391875639,0.231591266052786,0.153067348643437,0.114257783658305,0.280267875975533,0.361320509487913,0.0384830319040845,0.147027267806936,0.278547389841121,0.181678260475925,0.116373628914771,31978.1356822349,1.10874288061178,0.983110640126387,0.140309600664608,0.136258236998753
"40380","Rochester, NY",1090135,51,"mono-1mi",0.319526627218935,0.26363413513385,0.181409419513241,0.614114680708736,0.521190022584186,0.399800631334109,0.263104547773907,0.180810614584731,0.430944460819403,0.267824324127438,0.199725293068419,0.402214123759604,0.488820916175078,0.120713653043148,0.263104547773907,0.501629106706489,0.318172817994614,0.183555527474148,33187.7216120767,0.79491699643842,1.07341747911368,0.244674076470313,0.219937521294106
"24340","Grand Rapids-Kentwood, MI",1087592,52,"mono-1mi",0.226415094339623,0.187716021957997,0.153147725186002,0.352924770642202,0.343848116169545,0.154592898069414,0.18196317795278,0.13591448614053,0.30499089663457,0.185184209707194,0.155179730710821,0.290767412991131,0.284586017656884,0.0727785494801532,0.18196317795278,0.303337207371742,0.216258805291267,0.154132297589493,31387.6460854374,0.86984711891874,1.03007787761982,0.191118178919649,0.17307608152398
"46060","Tucson, AZ",1043433,53,"mono-1mi",0.266347687400319,0.224423120169547,0.19177167073134,0.330953732190328,0.257451285335285,0.250252692481963,0.220455651666877,0.163491436460847,0.318162912076854,0.219328915096801,0.185926820911402,0.291554189681188,0.36491205380238,0.117147917782263,0.220455651666877,0.342572397915909,0.245888190803954,0.18508699553187,29707.2582254599,0.770406520802868,1.06643580601861,0.235737763700472,0.21833900568608
"46520","Urban Honolulu, HI",1016508,54,"mono-1mi",0.393782383419689,0.331080470461129,0.295645395795211,0.238153262929867,0.264803835644687,0.393241092677039,0.396032545277258,0.319850242672872,0.493731940106827,0.417119499331091,0.249018057539278,0.305138125457076,0.748609802508821,0.375533428165007,0.396032545277258,0.667902296948435,0.51639661404022,0.277305309884834,36815.8495807868,1.04618796584958,0.977069654152879,0.342782318466773,0.313576116966513
"46140","Tulsa, OK",1015331,55,"mono-1mi",0.272307692307692,0.220278957825195,0.204940385640344,0.318016524677795,0.271387629829875,0.372895863052782,0.245797544326914,0.189399966882469,0.34953273805102,0.249719200207931,0.204403883317365,0.431699554423934,0.511145025041377,0.0308543800496215,0.245797544326914,0.348034692747739,0.318570504682747,0.197642098821049,30633.001461823,1.09457351370236,0.973282070330179,0.234291074182332,0.227927669873572
"23420","Fresno, CA",1008654,56,"mono-1mi",0.34804753820034,0.31352607003812,0.256285171759019,0.382071523897849,0.35025193160325,0.253628870124648,0.316502439056076,0.247958860373864,0.394743431027528,0.316471483532744,0.275833082626931,0.442821665089877,0.444172878732331,0.12317101494155,0.316502439056076,0.484135067376998,0.37187953448429,0.261886221426954,24422.2934807891,0.813492788817626,1.08517499639735,0.303049077545487,0.294294874270926
"49340","Worcester, MA-CT",978529,57,"mono-1mi",0.259259259259259,0.214708213202909,0.165921430852763,0.444192215477223,0.400895588397892,0.320442120843181,0.221014696932128,0.136884154460719,0.381435615181745,0.224615536533774,0.125407848521048,0.361616161616162,0.39706430221295,0.0643335048893464,0.221014696932128,0.440118546248635,0.283705111186305,0.152375814096882,36974.3968691373,0.750205525612402,1.06829682263942,0.199412863504252,0.179522796545593
"36540","Omaha-Council Bluffs, NE-IA",967604,58,"mono-1mi",0.353522867737948,0.301141150423008,0.259768189273078,0.475927804850165,0.444463892263658,0.371906055756132,0.31810566508221,0.249075289091596,0.449360087205781,0.324097614523086,0.26584346269569,0.453010465658235,0.508602187759623,0.209820732657833,0.31810566508221,0.511511229896376,0.408122378836582,0.255035668394701,34825.2592084604,0.908663994312954,1.0393570954965,0.298200731318453,0.285671845020734
"14860","Bridgeport-Stamford-Norwalk, CT",957419,59,"mono-1mi",0.361408882082695,0.356250384034342,0.205892395409209,0.664897967325607,0.634771715520764,0.436022950688119,0.366707918245446,0.237340592956938,0.630007673227574,0.37446888462416,0.181473169314673,0.611103024657215,0.688295748071885,0.156626506024096,0.366707918245446,0.669006069802731,0.475631899011442,0.27465695296036,57263.1549507059,0.673655893474717,1.18059847430288,0.373392119366875,0.344172311042856
"24860","Greenville-Anderson, SC",928195,60,"mono-1mi",0.156862745098039,0.128145571923183,0.120838175713538,0.161662030598053,0.0973220223516245,0.186686131386861,0.138800361231684,0.106625302792062,0.208929233049278,0.138884125969687,0.118762021332401,0.275065641192462,0.293842287150487,0.0323364202216487,0.138800361231684,0.200311732476856,0.183233622634797,0.11070700314461,29907.3345149574,1.20899740849041,0.969281484478422,0.136620493579029,0.132717285907552
"10740","Albuquerque, NM",916528,61,"mono-1mi",0.287477954144621,0.235126761304582,0.259960504822216,0.238487639360155,0.218040185720292,0.233013255401315,0.260159269568583,0.20482843876515,0.372482903145131,0.262362489284046,0.216663084528232,0.422112876671785,0.460621477380418,0.128291830243287,0.260159269568583,0.49103347178109,0.304723376339383,0.21287696175781,29746.9231713788,0.970993886965425,1.00891670180297,0.247489916541945,0.235694924899292
"12540","Bakersfield, CA",909235,62,"mono-1mi",0.269736842105263,0.240907078424724,0.142399208508533,0.233692445532222,0.315942573947872,0.159857598821507,0.238199362147683,0.180928443581248,0.31824391455539,0.23360291429204,0.205397987191217,0.350167528346684,0.388119421360419,0.157372547282633,0.238199362147683,0.330174456170579,0.282195628428419,0.206289823573774,23325.9408927708,0.755426988063702,1.07759881543001,0.238813066939074,0.23203279376212
"10580","Albany-Schenectady-Troy, NY",899262,63,"mono-1mi",0.322388059701493,0.25387289721324,0.193287187077529,0.636211576090387,0.414315270502267,0.353106086409726,0.26414393572111,0.177217604215644,0.418128815796711,0.279703504572034,0.162327340139384,0.484640035588654,0.426227488852209,0.0287638935668575,0.26414393572111,0.54552495697074,0.317544185146047,0.179409549941718,37556.8204320023,0.832441599085129,1.05692996194619,0.250153100431519,0.21360750492098
"28940","Knoxville, TN",879773,64,"mono-1mi",0.107142857142857,0.103500727145313,0.0937935711379357,0.211978191878916,0.128676915627648,0.161209068010076,0.105348921042528,0.0655098243397805,0.19267865996838,0.106070408247764,0.0758836383296664,0.157822555121848,0.333214637887586,0.0313095863155277,0.105348921042528,0.212058432934927,0.135884707452027,0.0821176491934752,31140.3942404935,0.909331942904439,1.01046767024109,0.109437791432782,0.101065213314864
"32580","McAllen-Edinburg-Mission, TX",870781,65,"mono-1mi",0.35207100591716,0.254242401564122,0.31894383906119,0.314784053156146,0.246934472688708,0.436528658460773,0.283672827204263,0.249446544526187,0.356527788716495,0.287021320487718,0.2701609597464,0.401889789215818,0.523988123144241,0.189897919211005,0.283672827204263,0.411075970661463,0.300861058142152,0.259620432496962,17175.251994911,1.12577861266319,0.957119780197184,0.266702298236237,0.266075939528196
"12940","Baton Rouge, LA",870569,66,"mono-1mi",0.18436873747495,0.136596677115547,0.1108576773933,0.175849941383353,0.131562062529165,0.192400628246949,0.155631038696274,0.111740263398831,0.253469532999812,0.159546325212266,0.123589743589744,0.29743351166938,0.385439705107952,0.0458949293505476,0.155631038696274,0.273658861505354,0.193597185896676,0.119544179249335,31082.2550853429,0.985813426972399,1.00224444943066,0.145107283420693,0.136830208589398
"21340","El Paso, TX",868859,67,"mono-1mi",0.393762183235867,0.306748429760719,0.263603469640644,0.255776507527574,0.316429967652096,0.261944677284158,0.331232732242061,0.278191608841617,0.414786691786128,0.332252754635851,0.297245220532892,0.427394632020187,0.520270067516879,0.107222157298119,0.331232732242061,0.521866823303252,0.381420414888383,0.282470397881886,21643.8015555452,0.936267986508616,1.02820000905935,0.301929431100306,0.294940513761843
"35300","New Haven-Milford, CT",864835,68,"mono-1mi",0.304625199362041,0.268232668192785,0.168930721048474,0.5039445061665,0.441001705990279,0.285947474276387,0.260590733637453,0.149713134198414,0.440331110600138,0.270511343048552,0.138754816467248,0.429097222222222,0.423375437528534,0.115403422982885,0.260590733637453,0.511322972443516,0.309683555248141,0.174095693183941,38009.0105922592,0.712775265932289,1.1052835632062,0.253995160389651,0.213845884243984
"10900","Allentown-Bethlehem-Easton, PA-NJ",861889,69,"mono-1mi",0.304498269896194,0.286048399613185,0.247240938946282,0.388347641554934,0.40236249797972,0.350368675311467,0.278617535386814,0.230812502835367,0.383889948950539,0.279375922556726,0.20155646748673,0.391946727707835,0.408489163872663,0.105050768029159,0.278617535386814,0.418321562110511,0.326406659165812,0.236978768122596,34637.3127111663,0.846188697910639,1.06162526437443,0.278906338616373,0.266163050121789
"37100","Oxnard-Thousand Oaks-Ventura, CA",843843,70,"mono-1mi",0.310747663551402,0.323965521921765,0.252683086550005,0.28985101769602,0.410173091335478,0.287596771536814,0.308116883116883,0.270835524086602,0.372018504796427,0.306594760744351,0.289879996942597,0.319130310216945,0.392162408472392,0.266101389139455,0.308116883116883,0.401413914992672,0.330173220973783,0.294564312964116,38594.8089318193,0.819553801078195,1.08647246147464,0.327137633724357,0.322276357927004
"35840","North Port-Sarasota-Bradenton, FL",833716,71,"mono-1mi",0.25764192139738,0.203777735473909,0.182576297242059,0.254339355295785,0.312463077468394,0.15200107802183,0.205065235010573,0.1786358210184,0.280363090491157,0.206836573514357,0.160546638400969,0.236892430278884,0.276327565632458,0.28584420107581,0.205065235010573,0.28229019406246,0.239043684503157,0.169710757612182,37625.7432727517,0.841232120080078,1.04063354004999,0.21196006005607,0.201811438400344
"17900","Columbia, SC",829470,72,"mono-1mi",0.253086419753086,0.17456974467352,0.149371563405571,0.205992235001099,0.193393957941678,0.251925192519252,0.170562834305908,0.118894574264897,0.279734146438678,0.174547204430586,0.135578499201703,0.386812212009955,0.42175751121438,0.0289143815307854,0.170562834305908,0.299712596930752,0.227722391532153,0.126722227194474,29893.6284845647,0.919176342290445,1.01709332182486,0.18321170579327,0.154689391646489
"19430","Dayton-Kettering, OH",814049,73,"mono-1mi",0.230145867098865,0.217529117919016,0.209667286218055,0.236042326994189,0.27078511661029,0.246645150331238,0.215230757610091,0.184936055149746,0.267356601509198,0.218932861310945,0.188329445208337,0.305852376569149,0.295745236230749,0.0280411539237442,0.215230757610091,0.286911742595098,0.242419135972187,0.189280868385346,31395.3627870568,0.898278276423548,1.02827031983128,0.213799468605789,0.20227947078839
"16700","Charleston-North Charleston, SC",799636,74,"mono-1mi",0.165,0.116395182490045,0.109480036206376,0.131084222386893,0.148708240020317,0.0952450836513061,0.118204558946151,0.0912992101498849,0.170919688461499,0.122157348502159,0.100099374868438,0.181769194667038,0.193910928457603,0.0796301053172361,0.118204558946151,0.236079067157199,0.137424016746508,0.0966164089395885,35011.3085984909,0.984250676084583,1.00207162056679,0.118509954113524,0.107863310258837
"44700","Stockton, CA",779233,75,"mono-1mi",0.437974683544304,0.397955569799745,0.339598070263711,0.432180691585049,0.42061321199624,0.435159675776232,0.411104840156278,0.338118823356694,0.506374309113648,0.413520513031325,0.364508339792885,0.576472973755866,0.626220562894888,0.263343108504399,0.411104840156278,0.629769362186788,0.453483058040086,0.374118276552845,27520.7152408487,0.91214506950709,1.05807273841663,0.397882491340435,0.389667782297082
"24660","Greensboro-High Point, NC",776566,76,"mono-1mi",0.237668161434978,0.194179483848448,0.130722863123436,0.305440865224956,0.219714964370546,0.294809149493662,0.196249949650237,0.139702964988472,0.290917903883094,0.202511422342999,0.171160246055293,0.318501809979444,0.332315089803422,0.0553820236549328,0.196249949650237,0.317456036249865,0.250029819887877,0.153417163569647,28786.7909870969,0.82466663790724,1.04225029046425,0.190916285455625,0.182646072392482
"14260","Boise City, ID",764718,77,"mono-1mi",0.21505376344086,0.15034829748587,0.154987386482733,0.170240700218818,0.117875527881385,0.182784352151956,0.172839316508494,0.133446485843078,0.263437385143784,0.173866188674042,0.138913526030405,0.307842842089417,0.423377792785188,0.0744853399875234,0.172839316508494,0.293727689954105,0.21955385595921,0.144659934694447,30507.785795991,1.10122341437817,0.982088211195209,0.166025851698931,0.160932119790794
"15980","Cape Coral-Fort Myers, FL",760822,78,"mono-1mi",0.233333333333333,0.205397386734068,0.193279244369097,0.306173743695591,0.204203423367432,0.204558935683417,0.220107622343413,0.181823647595809,0.320152927621242,0.218722639685114,0.170734405974828,0.303509038432326,0.383749887485373,0.0419009089476173,0.220107622343413,0.419044735447733,0.246052415272935,0.181876244250121,33543.2927259217,1.01114516490325,0.997119068333467,0.203423652341619,0.199028437403491
"17820","Colorado Springs, CO",755105,79,"mono-1mi",0.327176781002639,0.247986863819941,0.242532782062432,0.266893176202243,0.265716950453536,0.227900979886539,0.276846370749379,0.224718127628113,0.372219345429951,0.275561468307455,0.227529088183939,0.364176854798191,0.44297160362908,0.21509009009009,0.276846370749379,0.439539347408829,0.365423928042112,0.228047673988776,33795.3181625934,0.956393320657853,1.01437992955297,0.25885335683201,0.251394639354979
"30780","Little Rock-North Little Rock-Conway, AR",748031,80,"mono-1mi",0.195329087048832,0.133453186163104,0.116125247785105,0.185914472800341,0.101255101255101,0.187025367587656,0.148299879983247,0.116604416126552,0.204836039072374,0.155374920421099,0.137150791245867,0.267215980024969,0.263435349245863,0.0166850939792944,0.148299879983247,0.215415358264345,0.197837815660451,0.112791068957769,30599.0418105466,1.07204488520388,0.988904755777303,0.141115629500149,0.13927396636945
"29460","Lakeland-Winter Haven, FL",725046,81,"mono-1mi",0.203030303030303,0.157582575799527,0.12615118837538,0.273454559892008,0.162590216519647,0.13329967180005,0.156577398282069,0.128152608459602,0.219523191474828,0.157749377233835,0.15145035123097,0.25716134841578,0.286249676919101,0.0891700816466982,0.156577398282069,0.281707121041633,0.171203550332844,0.133236105636579,24863.5773179952,0.85744097932554,1.02666703008237,0.157266553983928,0.151432300552788
"19780","Des Moines-West Des Moines, IA",709466,82,"mono-1mi",0.225581395348837,0.199615248391112,0.178524904283688,0.332278481012658,0.262570755691443,0.335929524745737,0.206991754794095,0.183156955589356,0.261819395677761,0.20848872934704,0.186537847917855,0.255901705068038,0.281652325095183,0.0477266308952273,0.206991754794095,0.30411171450737,0.246657043002583,0.181044006628614,36309.5563305454,0.979040455887285,1.00522731197206,0.201391377922452,0.194510731857731
"10420","Akron, OH",702219,83,"mono-1mi",0.265822784810127,0.239291321242603,0.216833164079243,0.296223371447549,0.319791738028362,0.479084599512287,0.24664012033098,0.219298659247733,0.30118102006689,0.248931383220099,0.232076128370457,0.292360843183333,0.315017749652724,0.12135657858894,0.24664012033098,0.302142888316676,0.278582569602316,0.22002935899527,32785.6266649617,0.921288133242442,1.02475988875419,0.243988911539884,0.239134629299117
"44140","Springfield, MA",699162,84,"mono-1mi",0.300198807157058,0.279002973637559,0.160545054980766,0.555690602362779,0.627736381728144,0.351869368248121,0.257244355168694,0.154063816269384,0.434693753667469,0.262832098164222,0.145943073107358,0.421730935186447,0.491498138645739,0.0297619047619048,0.257244355168694,0.531796659213468,0.303590497874312,0.164182643939176,31941.350288786,0.663648298739129,1.1301574553514,0.23749310543767,0.211577827842137
"39100","Poughkeepsie-Newburgh-Middletown, NY",697221,85,"mono-1mi",0.198473282442748,0.186161679570342,0.1436162247864,0.353315562477537,0.260303973824476,0.123225523196253,0.182794834812988,0.113512028178162,0.328182950003276,0.188391196821706,0.10033350865449,0.35997901521397,0.384673178061608,0.0319480167862461,0.182794834812988,0.475231018386206,0.238781478687787,0.108652443732662,37197.2097192356,0.728871721746593,1.06200746688475,0.16822990021276,0.13885242007077
"36260","Ogden-Clearfield, UT",694863,86,"mono-1mi",0.214492753623188,0.196113897793702,0.177155978276998,0.329551743220808,0.280767783214151,0.251776103336921,0.209815557797788,0.16169240575832,0.360306307728744,0.211415940709921,0.162596393296681,0.328752293026193,0.454561911658219,0.237944890929966,0.209815557797788,0.383472133247918,0.292979989183342,0.176288147942768,29411.4982462757,0.872790488560422,1.0310337487106,0.20085393697999,0.191805585839164
"31540","Madison, WI",680796,87,"mono-1mi",0.195544554455446,0.191135416268309,0.172159103616398,0.226878306878307,0.253734920508109,0.378831712421519,0.196706602240217,0.103971800994905,0.342574107539904,0.198552605867739,0.100823512794846,0.269117866560525,0.398034109048139,0.144419018560895,0.196706602240217,0.503266224030842,0.262359153012901,0.123873190134257,39483.6571953038,0.849623061114665,1.03553417487128,0.204209116206334,0.134035011179582
"49180","Winston-Salem, NC",675966,88,"mono-1mi",0.188505747126437,0.157617049125209,0.120644765134792,0.263591405038012,0.199197057832349,0.195958566819494,0.152595355580137,0.109476717902351,0.239384874370145,0.157238631523522,0.130263486727659,0.269085576165775,0.339790091063436,0.050601026687498,0.152595355580137,0.298972831702425,0.19134041061108,0.118725787180632,28985.9332408708,0.917614003121076,1.01541524703497,0.141920794087712,0.133848355021262
"39340","Provo-Orem, UT",671185,89,"mono-1mi",0.293447293447293,0.245506176322287,0.229024466460568,0.264824588637069,0.338905500312913,0.302493074792244,0.26032870083503,0.167156470629152,0.457157026614992,0.263500449640288,0.178120237087214,0.404989229009867,0.516173752310536,0.205978855267955,0.26032870083503,0.42504080205176,0.361758110330393,0.229211743002255,26153.0695162543,0.819007372495135,1.05889355899881,0.289628906623797,0.256980633118146
"19660","Deltona-Daytona Beach-Ormond Beach, FL",668921,90,"mono-1mi",0.144542772861357,0.102862810387938,0.0934790996784566,0.21754233608337,0.0669633003008934,0.0738673670387393,0.111188016209361,0.0840674580558315,0.178360646922012,0.114888455790346,0.0928487401335762,0.17078961899503,0.185882471069609,0.106819246992657,0.111188016209361,0.227737831858407,0.129854826090736,0.0854566529892406,28663.7307206694,0.896616784674512,1.0118535806992,0.107874216071493,0.104034443083547
"45060","Syracuse, NY",662057,91,"mono-1mi",0.283464566929134,0.245585638610948,0.1866697420434,0.623840807388365,0.430371885730986,0.470495629987514,0.249459732587065,0.169212893725698,0.416682648511291,0.259729303948639,0.184265736095052,0.446691783991011,0.460919729685182,0.0325567276314791,0.249459732587065,0.510043794563683,0.299114813284325,0.164009789894911,32634.2286210026,0.794819158040236,1.06679285213744,0.221950659349323,0.194147352276528
"20500","Durham-Chapel Hill, NC",649903,92,"mono-1mi",0.18125,0.138265025251518,0.119463056088353,0.148274010713458,0.15969061473757,0.250859475719811,0.12383883284892,0.0746958557251657,0.203121176983713,0.128292514506554,0.0963981440377517,0.197812021113571,0.238170952354844,0.0336968680089485,0.12383883284892,0.232717877623039,0.162400802038918,0.0903673469387755,36321.803269533,0.769633215511543,1.03696226171725,0.131826676578273,0.105862701955647
"48620","Wichita, KS",647610,93,"mono-1mi",0.290948275862069,0.210580376044787,0.186442750491846,0.247459382484303,0.330263788968825,0.133339090634311,0.226657952247707,0.190375070679148,0.29409703976178,0.235421372911163,0.225397677220765,0.339618008185539,0.206184395013074,0.140467929899475,0.226657952247707,0.326838382490324,0.291762904694656,0.184892114350998,29413.5627028807,0.793433487192223,1.05510236205668,0.207578755136205,0.201859085367274
"45780","Toledo, OH",646604,94,"mono-1mi",0.324420677361854,0.257400211445702,0.206971641686597,0.486854023786276,0.331964486453004,0.231392931392931,0.255658754470416,0.203288089319671,0.345934504053679,0.265472371765497,0.257302378551058,0.344231003533282,0.275754884547069,0.0717999694142835,0.255658754470416,0.436235549132948,0.293159052561885,0.20535199946413,30234.4395679801,0.783686260106366,1.07497870648077,0.238928084021659,0.220226850478525
"12260","Augusta-Richmond County, GA-SC",611000,95,"mono-1mi",0.157894736842105,0.140359830291386,0.148044462238577,0.137529193079453,0.0904044409199048,0.159554226692036,0.144170809906603,0.125331597138048,0.182570270918922,0.147133145749521,0.146022468542312,0.219557402830825,0.300314937012597,0.022676820187147,0.144170809906603,0.192843638400672,0.168518545068747,0.125926208263455,27469.220467766,1.04589052060669,0.99250712118858,0.139002130086879,0.138581858976717
"37340","Palm Bay-Melbourne-Titusville, FL",606612,96,"mono-1mi",0.187301587301587,0.137422780598695,0.142907620791402,0.139041171492697,0.106959147778183,0.147032902467685,0.148109731486826,0.134315024902347,0.188053695813891,0.162934576684294,0.12116558443365,0.240381073980406,0.323921524600747,0.10033490224475,0.148109731486826,0.257394587791064,0.161403739361877,0.129130044142349,32176.0452052665,1.03618242480948,0.994235499766684,0.139734345026035,0.13615051134383
"27140","Jackson, MS",591978,97,"mono-1mi",0.204878048780488,0.148889041318194,0.10046983358369,0.192150857979795,0.142696291848071,0.174529710361302,0.156594806804876,0.119494195801334,0.233029353492489,0.163760083454773,0.151824850417479,0.262536784577503,0.35986035907666,0.0147025302028721,0.156594806804876,0.241107723577236,0.190621035832663,0.130268950129651,27587.2798116866,0.890849457885991,1.01909426450472,0.145971120681256,0.141551294522099
"25420","Harrisburg-Carlisle, PA",591712,98,"mono-1mi",0.204787234042553,0.156695206588992,0.103529143638539,0.414456490583217,0.352876197840435,0.177584846093133,0.167407175772106,0.117370227977009,0.271588247105281,0.178376226587847,0.0956967256618381,0.29707539103757,0.350228542407313,0.0714955022488756,0.167407175772106,0.364904674559502,0.221444770888099,0.109875828060482,35094.8628139815,0.757929894075949,1.04497926555531,0.149980606911327,0.133346171352544
"44060","Spokane-Spokane Valley, WA",585784,99,"mono-1mi",0.188202247191011,0.140680892831176,0.130748553543042,0.24126832757182,0.187769361368682,0.254945811113023,0.146602228121526,0.110138252133675,0.210437626382405,0.149385835879254,0.128534104104609,0.24966736037665,0.215116448538199,0.0351205948135163,0.146602228121526,0.259497788186313,0.187503840717753,0.115167153915983,30801.4426712229,0.814684977033946,1.03033831608164,0.14149647522289,0.130492084494815
"42540","Scranton--Wilkes-Barre, PA",567559,100,"mono-1mi",0.336082474226804,0.306791063310549,0.254731540373874,0.532530533044173,0.631251385092709,0.411237785016287,0.305898654522508,0.231079371771898,0.457691228163969,0.309453773549145,0.228018005888792,0.476927184329596,0.587589028640703,0.114710321606873,0.305898654522508,0.52277446432516,0.347498023810094,0.236325758204545,29353.5933208793,0.800694791152544,1.08820577633196,0.289549608276295,0.267730691968031
"16860","Chattanooga, TN-GA",562647,101,"mono-1mi",0.108333333333333,0.0926144668640745,0.0707248295309602,0.210299610152395,0.129330071806202,0.0654702558989698,0.0912550304335527,0.0588851335269196,0.157258344079759,0.096151350474491,0.0773417956082646,0.155846358214861,0.213263579012156,0.0358157147365099,0.0912550304335527,0.219390112428769,0.117527299648344,0.0654401541845359,30212.805258455,0.783640149566943,1.02208325751728,0.0876900757616463,0.0807970773197347
"29540","Lancaster, PA",552984,102,"mono-1mi",0.282208588957055,0.211109447522084,0.15598388395001,0.490899470899471,0.501225425372476,0.327738216344524,0.220761829183613,0.168812902191419,0.331444187382575,0.223489821551295,0.119734229549342,0.39827133416063,0.294821166647862,0.0519957983193277,0.220761829183613,0.319714496677332,0.302964307320024,0.16595382746051,32194.4031319836,0.833645056472901,1.04451710452882,0.210870113691912,0.187697956868833
"33700","Modesto, CA",552878,103,"mono-1mi",0.292207792207792,0.257421841920198,0.276119435806992,0.243550388609496,0.245682741712735,0.214997951099577,0.274114710922495,0.232182628062361,0.331633070565451,0.27489160816075,0.249736304184944,0.384320317214033,0.393892419779879,0.199510703363914,0.274114710922495,0.358864696734059,0.320921949522036,0.246590621922846,26257.5908423142,0.940526230725692,1.02061718096532,0.258825317369478,0.258637573236109
"38860","Portland-South Portland, ME",551740,104,"mono-1mi",0.182539682539683,0.149685664614951,0.140463770245559,0.451542060536618,0.232583276014543,0.160928390716093,0.164892898016563,0.0935506866944667,0.343192747339377,0.15630323991138,0.0771175247910622,0.342043431826273,0.496733820058187,0.0167535627389642,0.164892898016563,0.364954809780705,0.225374190237068,0.111671682303653,38434.4774702814,0.928771726813325,1.01244967264511,0.157209997783446,0.133417720390617
"22220","Fayetteville-Springdale-Rogers, AR",546725,105,"mono-1mi",0.157088122605364,0.134883395331924,0.132150581617621,0.224994097741402,0.12958557358329,0.0887929416181716,0.129649520835407,0.0895568880928277,0.1911960044631,0.129596859195652,0.104943692348763,0.216893319250066,0.209665394904179,0.0451510892480675,0.129649520835407,0.243224777954908,0.158448377786278,0.108343971033342,31119.0328219827,0.801422714207684,1.03096090272271,0.126427183804233,0.117755019820644
"29620","Lansing-East Lansing, MI",541297,106,"mono-1mi",0.306603773584906,0.263285245038151,0.231543757524751,0.412768632001354,0.367622506663542,0.346895257591266,0.263346704497277,0.194012496147488,0.401060144413373,0.271742861065349,0.232970147373725,0.393988081327413,0.405926699520251,0.0449390567037626,0.263346704497277,0.405522544564837,0.333722271576128,0.204575838356669,30843.6851192087,0.806710516659732,1.06907732800337,0.267167009321543,0.243688993604847
"49660","Youngstown-Warren-Boardman, OH-PA",541243,107,"mono-1mi",0.288461538461538,0.262600443668496,0.238807861621237,0.410790303332562,0.304452466907341,0.27456117369662,0.264849218644899,0.230055486480969,0.346638166695748,0.270332806293625,0.262551386227227,0.337741222971402,0.3483635507417,0.0627771755198581,0.264849218644899,0.336304997640149,0.308080195883537,0.226599723744044,27692.052354359,0.832211728410128,1.05975224808324,0.253534509303655,0.24717467714152
"22180","Fayetteville, NC",520378,108,"mono-1mi",0.0830324909747292,0.0693140641223962,0.0576787779296291,0.0882313619679623,0.0703202324319147,0.0746826724392404,0.0786039164130999,0.0660915171784737,0.0943952802359882,0.0792426815683267,0.0755360555795818,0.0935890964159515,0.137595234003552,0.0471896709002877,0.0786039164130999,0.110735051635859,0.0971838931495571,0.064358211096367,24228.1515543218,0.91572611637413,1.00627641731697,0.0691480755748108,0.0722005267459813
"30460","Lexington-Fayette, KY",516811,109,"mono-1mi",0.243975903614458,0.22271941282334,0.197180027986777,0.331663362768066,0.324724890274156,0.230475504322767,0.235560986711259,0.195432428584589,0.293487590517294,0.239586029635483,0.202086067748331,0.267187716143312,0.419083526682135,0.110390689941812,0.235560986711259,0.399723274104282,0.266115007825633,0.199020018427004,33152.8656782474,0.854024740495268,1.04182742082794,0.226817669103034,0.209775756439727
"37860","Pensacola-Ferry Pass-Brent, FL",509905,110,"mono-1mi",0.183520599250936,0.144687309266231,0.134750644473441,0.181228417631526,0.165226232841891,0.138568315713018,0.150954699430339,0.122747564273844,0.207847261016726,0.146311806351054,0.134652604968993,0.211386378308586,0.23538969831555,0.0630635676281154,0.150954699430339,0.202359947066608,0.181113725490196,0.129395306859206,29334.9860521131,0.98818704590104,1.00199834807702,0.138419286531952,0.136753390810332
